id,firstname,lastname,address,contact_number
1,John,Smith,123 Maple St Springfield,5551234567
2,Emma,Johnson,456 Oak Ave Rivertown,5552345678
3,Liam,Williams,789 Pine Rd Lakeside,5553456789
4,Olivia,Brown,101 Cedar Ln Hillview,5554567890
5,Noah,Jones,202 Birch Dr Greenfield,5555678901
6,Ava,Garcia,303 Elm St Brookside,5556789012
7,William,Miller,404 Walnut Ave Fairview,5557890123
8,Sophia,Davis,505 Cherry Rd Riverside,5558901234
9,James,Rodriguez,606 Aspen Ct Meadowbrook,5559012345
10,Isabella,Martinez,707 Willow Way Sunnydale,5550123456
11,Benjamin,Hernandez,808 Poplar St Crestwood,5551122334
12,Mia,Lopez,909 Cypress Ave Parkview,5552233445
13,Lucas,Gonzalez,111 Redwood Rd Highland,5553344556
14,Charlotte,Wilson,222 Magnolia Dr Westfield,5554455667
15,Henry,Anderson,333 Sycamore Ln Eastwood,5555566778
16,Amelia,Thomas,444 Dogwood Ct Northview,5556677889
17,Alexander,Taylor,555 Hickory St Southgate,5557788990
18,Harper,Moore,666 Juniper Ave Stonebridge,5558899001
19,Ethan,Jackson,777 Palm Rd Silverlake,5559900112
20,Evelyn,Martin,888 Acacia Dr Grandview,5551011123
